working_day,clear_d,cloudy_d,rainy_d,heavy_d,atem,hum,wind_s,casual,registered
0,0,1,0,0,0.363625,0.805833,0.160446,0.7537338037262279,1.9254707044226393
0,0,1,0,0,0.353739,0.696087,0.248539,1.0452141190889639,1.9152089580907872
1,1,0,0,0,0.189405,0.437273,0.248309,1.0612455364339144,1.5566891956216955
1,1,0,0,0,0.212122,0.590435,0.160296,1.0787343553556785,1.4123833878300218
1,1,0,0,0,0.22927,0.436957,0.1869,1.1166267963528342,1.3713364025026125
1,1,0,0,0,0.233209,0.518261,0.0895652,1.107882386891952,1.3713364025026125
1,0,1,0,0,0.208839,0.498696,0.168726,1.0204382922831314,1.4713884292381727
0,0,1,0,0,0.162254,0.535833,0.266804,1.1370304184282258,1.7734685868820765
0,1,0,0,0,0.116175,0.434167,0.36195,1.1574340405036172,1.8523557618081914
1,1,0,0,0,0.150888,0.482917,0.223267,1.1763802610021952,1.523979879188916
1,0,1,0,0,0.191464,0.686364,0.122132,1.1734654578485677,1.5624614279333624
1,1,0,0,0,0.160473,0.599545,0.304627,1.199698686231214,1.6156942370298466
1,1,0,0,0,0.150883,0.470417,0.301,1.180752465732636,1.4675402743637282
1,1,0,0,0,0.188413,0.537826,0.126548,1.1574340405036172,1.4681816335094688
0,0,1,0,0,0.248112,0.49875,0.157963,0.912590575598919,1.686885102207072
0,1,0,0,0,0.234217,0.48375,0.188433,0.8703259298713223,1.7337043198461486
0,0,1,0,0,0.176771,0.5375,0.194017,1.0656177411643555,1.7785994600480026
1,0,1,0,0,0.232333,0.861667,0.146775,1.2230171114602328,1.912643521507824
1,0,1,0,0,0.298422,0.741739,0.208317,1.122456402660089,1.3367030086326106
1,0,1,0,0,0.25505,0.538333,0.195904,1.1151693947760206,1.1622533209911206
1,1,0,0,0,0.157833,0.457083,0.353242,1.12682860739053,1.403404359789651
0,1,0,0,0,0.0790696,0.4,0.17197,1.1005953790078837,1.7753926643192988
0,1,0,0,0,0.0988391,0.436522,0.2466,1.017523489129504,1.808743339897819
1,1,0,0,0,0.11793,0.491739,0.15833,1.1107971900455795,1.4919119219018775
1,0,1,0,0,0.234526,0.616957,0.129796,0.9650570323642115,1.1911144825494555
1,0,0,1,0,0.2036,0.8625,0.29385,1.1865820720398907,2.04219806894746
1,1,0,0,0,0.2197,0.6875,0.113837,1.2142727019993507,2.078114181108943
1,0,1,0,0,0.223317,0.793043,0.1233,1.180752465732636,1.6208251101957727
0,1,0,0,0,0.212126,0.651739,0.145365,1.0568733317034733,1.7195944186398515
0,1,0,0,0,0.250322,0.722174,0.0739826,1.0320975048976408,1.7317802424089264
1,0,1,0,0,0.18625,0.60375,0.187192,1.1749228594253813,1.409176592101318
1,0,1,0,0,0.23453,0.829565,0.053213,1.167635851541313,1.5028150273794707
1,0,1,0,0,0.254417,0.775417,0.264308,1.131200812120971,1.4123833878300218
1,1,0,0,0,0.177878,0.437826,0.277752,1.1472322294659214,1.3899358177290948
1,0,1,0,0,0.228587,0.585217,0.127839,1.107882386891952,1.3059177696370536
0,0,1,0,0,0.243058,0.929167,0.161079,1.090393567970188,1.7644895588417056
0,1,0,0,0,0.291671,0.568333,0.1418,0.7202135674595133,1.5310348297920646
1,1,0,0,0,0.303658,0.738333,0.0454083,1.0612455364339144,1.3238758257177952
1,1,0,0,0,0.198246,0.537917,0.36195,1.1428600247354805,1.4046870780811325
1,0,1,0,0,0.144283,0.494783,0.188839,1.1588914420804308,1.349530191547426
1,1,0,0,0,0.149548,0.437391,0.221935,1.167635851541313,1.3886530994376132
1,1,0,0,0,0.213509,0.506364,0.10855,1.0189808907063176,1.3206690299890913
0,1,0,0,0,0.232954,0.544167,0.203367,0.8164020715292161,1.5855503571800302
0,1,0,0,0,0.324113,0.457391,0.260883,0.657545299656525,1.5804194840141041
1,1,0,0,0,0.39835,0.375833,0.417908,0.9329941976743106,1.251402242249088
1,1,0,0,0,0.254274,0.314348,0.291374,1.0320975048976408,1.2706430166213112
1,1,0,0,0,0.3162,0.423478,0.251791,0.9184201819061737,1.1282612862668597
1,1,0,0,0,0.428658,0.505,0.230104,0.8586667172568129,0.9236677187755534
1,1,0,0,0,0.511983,0.516667,0.264925,0.3922982126764352,0.8390083115377716
0,1,0,0,0,0.391404,0.187917,0.507463,0.46079608678667816,1.6375004479850328
0,1,0,0,0,0.27733,0.407826,0.223235,0.3048541180676144,1.5926053077831788
0,0,1,0,0,0.284075,0.605,0.307846,0.9519404181728883,1.7600000448215203
1,1,0,0,0,0.186033,0.577778,0.195683,1.1282860089673437,1.462409401197802
1,1,0,0,0,0.245717,0.423043,0.094113,1.0335549064744545,1.2045830246100115
1,0,1,0,0,0.289191,0.697391,0.250496,1.090393567970188,1.2501195239576064
1,0,1,0,0,0.350461,0.712174,0.346539,1.0612455364339144,1.484856971298729
0,1,0,0,0,0.282192,0.537917,0.186571,0.6181954570825556,1.3540197055676115
0,1,0,0,0,0.351109,0.68,0.125248,0.224697031342862,1.2494781648118656
1,0,1,0,0,0.400118,0.876364,0.289686,1.1180841979296479,1.4694643518009505
1,1,0,0,0,0.263879,0.535,0.216425,1.0364697096280817,1.2456300099374211
1,1,0,0,0,0.320071,0.449583,0.307833,0.8994739614075958,1.124413131392415
1,1,0,0,0,0.200133,0.318333,0.225754,1.0568733317034733,1.3431166000900183
1,0,1,0,0,0.255679,0.610417,0.203346,0.9242497882134284,1.2353682636055687
0,0,1,0,0,0.378779,0.789167,0.251871,0.30339671649080074,1.4232864933076148
0,0,1,0,0,0.366252,0.948261,0.343287,1.0699899458947963,2.0300122451783853
1,1,0,0,0,0.238461,0.551304,0.341352,0.8805277409090181,1.3007868964711273
1,1,0,0,0,0.3024,0.420833,0.12065,0.7755948273784331,1.1795700179261215
1,0,1,0,0,0.286608,0.775417,0.22015,0.957770024480143,1.2546090379777919
1,0,0,1,0,0.385668,0.0,0.261877,1.1690932531181266,1.9748553586446789
1,0,1,0,0,0.305,0.649565,0.23297,0.876155536178577,1.2353682636055687
0,1,0,0,0,0.32575,0.594583,0.220775,0.1809749840384516,1.4418859085340974
0,1,0,0,0,0.380091,0.527391,0.270604,-0.19503462277947783,1.4245692115990964
1,1,0,0,0,0.332,0.496957,0.136926,0.7129265595754448,1.2629467068724218
1,0,1,0,0,0.318178,0.655652,0.184309,0.8149446699524024,1.21163797521316
1,0,1,0,0,0.36693,0.776522,0.203117,0.7683078194943647,1.1449366240561198
1,1,0,0,0,0.410333,0.602917,0.209579,0.6181954570825556,0.8569663676185132
1,1,0,0,0,0.527009,0.525217,0.231017,-0.0522092682517372,0.8345187975175862
0,1,0,0,0,0.466525,0.379167,0.368167,-0.8392061197311245,1.2590985519979772
0,1,0,0,0,0.32575,0.47375,0.207721,-0.28976572527236705,1.431624162202245
1,0,1,0,0,0.409735,0.737391,0.288783,0.6517156933492703,1.2700016574755704
1,1,0,0,0,0.440642,0.624583,0.22575,0.5657290003172631,0.9063510218405526
1,0,1,0,0,0.337939,0.839565,0.234261,0.9402812055583789,1.1147927442063035
1,0,1,0,0,0.270833,0.805833,0.243787,0.9942050639004851,1.2552503971235327
1,1,0,0,0,0.256312,0.495,0.230725,0.7989132526074519,1.1199236173722298
0,1,0,0,0,0.257571,0.394167,0.209571,-0.19357722120266416,1.3732604799398347
0,0,1,0,0,0.250339,0.493913,0.1843,0.548240181395499,1.5618200687876216
1,1,0,0,0,0.257574,0.302174,0.212204,0.912590575598919,1.18662496852927
1,1,0,0,0,0.292908,0.314167,0.226996,0.7741374258016194,0.9929345065155568
1,0,1,0,0,0.29735,0.646667,0.172888,0.9912902607468578,1.4675402743637282
1,0,0,1,0,0.257575,0.918333,0.217646,0.9752588434019073,1.3790327122515016
1,0,1,0,0,0.283454,0.68625,0.258708,0.7887114415697561,1.113510025914822
0,0,1,0,0,0.315637,0.65375,0.197146,-0.07261289032712871,1.476519302404099
0,1,0,0,0,0.378767,0.48,0.182213,-1.1700362776678297,1.3200276708433505
1,1,0,0,0,0.542929,0.42625,0.385571,0.1664009682703148,0.8178434597283261
1,0,1,0,0,0.39835,0.642083,0.388067,0.9927476623236714,1.3007868964711273
1,1,0,0,0,0.387608,0.470833,0.263063,0.6342268744275061,0.8088644316879553
1,1,0,0,0,0.433696,0.602917,0.162312,0.40395742529094464,0.6966265811833201
1,0,1,0,0,0.324479,0.83625,0.226992,0.985460654439603,1.5117940554198415
0,0,1,0,0,0.341529,0.8775,0.133083,-0.0449222603676688,1.3341375720496476
0,0,1,0,0,0.426737,0.8575,0.146767,-0.4952593476030959,1.2501195239576064
1,0,1,0,0,0.565217,0.716956,0.324474,-0.009944622524140473,0.7460112354053596
1,0,1,0,0,0.493054,0.739167,0.274879,0.8615815204104402,1.2052243837557524
1,0,1,0,0,0.417283,0.819167,0.250617,0.9315367960974968,1.0923451741053765
1,1,0,0,0,0.462742,0.540417,0.1107,0.46516829151711925,0.5888782446988704
0,1,0,0,0,0.441913,0.67125,0.226375,0.3004819133371734,0.7517834677170265
0,0,0,1,0,0.425492,0.888333,0.340808,1.0597881348571008,1.912643521507824
0,1,0,0,0,0.445696,0.479583,0.303496,-1.0344979310241575,0.9429084931477766
1,1,0,0,0,0.503146,0.5425,0.163567,0.261132070763204,0.5747683434925734
1,0,1,0,0,0.489258,0.665833,0.157971,0.6400564807347608,0.5523207733916464
1,1,0,0,0,0.564392,0.614167,0.241925,0.3427465590647701,0.2085522712745926
1,1,0,0,0,0.453892,0.407083,0.325258,0.15036955092536433,0.13607868780588536
1,0,1,0,0,0.321954,0.729583,0.219521,0.9781736465555346,1.3790327122515016
0,0,1,0,0,0.450121,0.887917,0.230725,-0.8945873796500443,0.6940611446003571
0,0,1,0,0,0.551763,0.810833,0.192175,-1.256022970699837,0.7537075451542489
1,1,0,0,0,0.5745,0.776667,0.185333,0.10956230677458129,0.22843440479255653
1,1,0,0,0,0.594083,0.729167,0.3265,0.2480154565718809,-0.04221915471004928
1,0,1,0,0,0.575142,0.835417,0.3122,0.438935063134473,0.21240042614903723
1,0,1,0,0,0.578929,0.700833,0.320908,0.40687222844457205,0.10721752624755061
1,1,0,0,0,0.497463,0.457083,0.240063,-0.04346485879085511,-0.03901235898134541
0,1,0,0,0,0.464021,0.503333,0.235075,-1.6276603727873256,0.19829052494274024
0,0,1,0,0,0.448204,0.762083,0.106354,-0.42238926876241195,0.9255917962127758
1,0,1,0,0,0.532833,0.73,0.183454,0.001714590090368967,0.06552918177440044
1,0,1,0,0,0.582079,0.697083,0.342667,0.3573205748329069,-0.12303040707338656
1,0,1,0,0,0.40465,0.737083,0.328996,0.8644963235640676,0.8197675371655484
1,1,0,0,0,0.441917,0.444167,0.295392,0.3412891574879564,-0.10443099184690417
1,1,0,0,0,0.474117,0.59,0.228246,-0.06678328401987399,-0.0370882815441231
0,1,0,0,0,0.512621,0.54125,0.16045,-1.1131976161720962,0.3554235156492294
0,1,0,0,0,0.518933,0.631667,0.0746375,-0.8056858834644098,0.46445457042516064
1,1,0,0,0,0.525246,0.58875,0.176,0.26841907864727244,-0.026826535212270745
1,1,0,0,0,0.522721,0.489167,0.115671,0.224697031342862,-0.29042514411172804
1,1,0,0,0,0.5284,0.632917,0.120642,0.43456285840403197,0.015503168406620211
1,1,0,0,0,0.523363,0.7475,0.189667,0.22323962976604833,-0.3289066928561744
1,0,1,0,0,0.4943,0.863333,0.179725,0.22761183449648936,0.15596082132384928
0,0,1,0,0,0.500629,0.9225,0.13495,-0.07844249663438344,0.7370322073649888
0,0,1,0,0,0.536,0.867083,0.152979,-1.0694755688676858,0.4394415637412705
1,1,0,0,0,0.550512,0.787917,0.126871,0.10956230677458129,0.3021907065527453
1,0,1,0,0,0.538529,0.837917,0.277354,0.2480154565718809,0.13543732866014457
1,0,1,0,0,0.527158,0.87,0.201492,0.45496648047942345,0.21624858102348188
1,0,1,0,0,0.510742,0.829583,0.108213,0.16494356669350113,-0.11789953390746039
1,1,0,0,0,0.529042,0.719583,0.125013,-0.08864430767207919,-0.2256478703919101
0,1,0,0,0,0.571975,0.626667,0.12065,-2.054679034793734,0.07001869579458583
0,1,0,0,0,0.5745,0.749583,0.148008,-1.0607311594068038,0.3669679802725633
1,0,1,0,0,0.590296,0.81,0.233842,0.01774600743531945,0.13992684268032998
1,0,1,0,0,0.604813,0.740833,0.207092,0.2757060865313408,-0.11341001988727498
1,1,0,0,0,0.615542,0.69625,0.154233,0.15765655880943275,-0.3731604739122877
1,1,0,0,0,0.654688,0.6775,0.199642,0.1314233304267865,-0.16856690642098138
1,1,0,0,0,0.637008,0.65375,0.240679,-0.03326304775315935,-0.09737604124375568
0,1,0,0,0,0.612379,0.729583,0.230092,-1.680126829552618,0.5766924209297958
0,1,0,0,0,0.61555,0.81875,0.213938,-2.1960469877446607,0.7844927841498059
0,1,0,0,0,0.671092,0.685,0.131225,-1.0213813168328345,0.7100951232438764
1,1,0,0,0,0.725383,0.636667,0.111329,0.2553024644559493,0.2226621724808896
1,0,1,0,0,0.720967,0.677083,0.207092,0.4884867167461381,0.12517558232829223
1,1,0,0,0,0.643942,0.305,0.292287,0.16348616511668745,-0.369312319037843
1,1,0,0,0,0.587133,0.354167,0.253121,-0.07261289032712871,-0.4860396835626635
0,1,0,0,0,0.594696,0.45625,0.123142,-1.487749821413212,0.11747927257940297
0,0,1,0,0,0.616804,0.6525,0.138692,-1.2195879312794948,0.27910177730607755
1,1,0,0,0,0.621858,0.6,0.121896,0.2553024644559493,-0.1403471040083874
1,1,0,0,0,0.65595,0.597917,0.187808,0.12413632254271809,-0.265412137427838
1,1,0,0,0,0.727279,0.622083,0.136817,0.25093025972550825,-0.04414323214727159
1,0,1,0,0,0.757579,0.568333,0.149883,0.4156166379054541,0.19508372921403638
1,1,0,0,0,0.703292,0.605,0.140554,0.04835144054840673,-0.07364575285134711
0,1,0,0,0,0.678038,0.654583,0.15485,-1.2837136006592968,0.26884003097422515
0,1,0,0,0,0.643325,0.747917,0.163567,-0.9018743875341126,0.42533166253497356
1,1,0,0,0,0.601654,0.494583,0.30535,-0.021603835138649913,-0.3212103831072851
1,1,0,0,0,0.591546,0.507083,0.269283,0.17660277930801058,-0.32569989712747055
1,1,0,0,0,0.587754,0.471667,0.167912,0.11539191308183601,-0.48411560612544124
1,0,1,0,0,0.595346,0.688333,0.206471,0.44184986628810036,0.27846041816033673
1,1,0,0,0,0.600383,0.735833,0.143029,-0.021603835138649913,-0.20833117345690924
0,1,0,0,0,0.643954,0.670417,0.119408,-1.3973909236507638,0.22073809504366726
0,0,1,0,0,0.645846,0.666667,0.102,-1.1525474587460656,0.3534994382120071
1,0,1,0,0,0.595346,0.74625,0.155475,0.21741002345879362,0.22137945418940805
1,0,1,0,0,0.637646,0.770417,0.171025,0.10810490519776761,-0.259639905116171
1,1,0,0,0,0.693829,0.7075,0.172262,0.27279128337771347,-0.121747688781905
1,0,1,0,0,0.693833,0.703333,0.238804,0.14891214934855065,-0.2487367996385779
1,1,0,0,0,0.656583,0.573333,0.222025,-0.1760884022809,-0.2346268984322809
0,1,0,0,0,0.643313,0.483333,0.209571,-1.360955884230422,0.1514713073036639
0,1,0,0,0,0.637629,0.513333,0.0945333,-1.56207730183071,0.17391887740459092
1,0,1,0,0,0.637004,0.658333,0.107588,-0.008487220947326794,-0.12687856194783118
1,1,0,0,0,0.692558,0.634167,0.144283,0.16931577142394216,-0.16664282898375907
1,1,0,0,0,0.654688,0.497917,0.261821,0.0002571885135552871,-0.462309395170255
1,1,0,0,0,0.637008,0.434167,0.185312,-0.26061769373609345,-0.5335002603474807
1,1,0,0,0,0.652162,0.39625,0.102608,-0.5797886390582894,-0.2949146581319135
0,1,0,0,0,0.667308,0.444583,0.115062,-1.9759793496457951,0.4753576759027538
0,0,1,0,0,0.668575,0.6825,0.228858,-2.089656672637262,0.8268224877686968
0,0,1,0,0,0.665417,0.637917,0.0814792,-3.2308021072823734,0.43495204972108514
1,1,0,0,0,0.696338,0.590417,0.126258,-0.26644730004334816,0.014220450115138667
1,1,0,0,0,0.685633,0.743333,0.149883,0.09353088942963081,-0.12110632963616424
1,1,0,0,0,0.686871,0.65125,0.1592,0.1372529367340412,-0.11661681561597884
1,0,1,0,0,0.670483,0.757917,0.225129,0.22761183449648936,0.19764916579699948
0,1,0,0,0,0.664158,0.609167,0.167912,-1.6611806090540402,0.19764916579699948
0,1,0,0,0,0.690025,0.578333,0.183471,-1.3041172227346884,0.33233458640256164
1,1,0,0,0,0.729804,0.635833,0.282337,0.18243238561526529,0.1880287786108879
1,1,0,0,0,0.739275,0.559167,0.200254,0.2713338818008998,0.038592097653288006
1,1,0,0,0,0.689404,0.631667,0.146133,0.1459973461949233,0.03987481594476955
1,1,0,0,0,0.635104,0.47625,0.240667,-0.05803887455899191,-0.34622338979117523
1,1,0,0,0,0.624371,0.59125,0.182833,-0.6847215525888743,-0.36161600928895377
0,1,0,0,0,0.638263,0.585,0.208342,-2.2878632870839226,0.09695577991569826
0,1,0,0,0,0.669833,0.604167,0.245033,-1.6874138374366863,0.23099984137551963
1,1,0,0,0,0.703925,0.65125,0.215804,0.010458999551251047,0.025123555592731793
1,1,0,0,0,0.747479,0.650417,0.1306,0.14016773988766856,-0.085190217474681
1,1,0,0,0,0.74685,0.707083,0.113817,0.29756711018354604,-0.020412943754863026
1,0,1,0,0,0.826371,0.69125,0.222021,0.31505592910531016,0.3233555583621908
1,1,0,0,0,0.840896,0.580417,0.1331,0.4170740394822678,0.5330799990194233
0,1,0,0,0,0.804287,0.5,0.131221,-0.20232163066354625,0.8710762688248102
0,1,0,0,0,0.794829,0.550833,0.169171,-0.2941379300028081,0.705605609223691
1,1,0,0,0,0.720958,0.757083,0.0908083,0.4083296300213857,0.24639246087329816
1,1,0,0,0,0.696979,0.540833,0.200258,0.14308254304129595,-0.11789953390746039
1,1,0,0,0,0.690667,0.402917,0.183463,0.13579553515722753,-0.1570224417976475
1,1,0,0,0,0.7399,0.583333,0.178479,0.3529483701024659,-0.08198342174597714
1,1,0,0,0,0.785967,0.5425,0.174138,0.2596746691863903,0.3079629388644123
0,1,0,0,0,0.728537,0.465833,0.168537,-1.0359553326009712,0.47471631675701303
0,1,0,0,0,0.729796,0.480833,0.164813,-0.9849462774124924,0.5632238788692395
1,1,0,0,0,0.703292,0.550833,0.156717,0.17368797615438322,0.07643228725199355
1,1,0,0,0,0.707071,0.49125,0.20585,0.06875506262379825,-0.2487367996385779
1,0,1,0,0,0.679937,0.6575,0.135583,0.5555271892795673,0.35221671992052556
1,0,1,0,0,0.664788,0.7575,0.19715,0.07166986577742561,-0.07749390772579173
1,1,0,0,0,0.656567,0.630833,0.184696,-0.25478808742883874,-0.1198236113446827
0,0,1,0,0,0.676154,0.755,0.22825,-0.9805740726820514,0.5664306745979434
0,1,0,0,0,0.715292,0.752917,0.201487,-0.6555735210526007,0.7498593902798042
1,1,0,0,0,0.703283,0.592083,0.192175,0.003171991667182647,0.11298975855921757
1,1,0,0,0,0.724121,0.570417,0.151121,-0.08572950451845184,-0.02490245777504843
1,1,0,0,0,0.684983,0.424167,0.200258,-0.0522092682517372,-0.1538156460689436
1,1,0,0,0,0.651521,0.42375,0.164796,0.05272364527884777,-0.20768981431116848
1,1,0,0,0,0.654042,0.415,0.125621,-0.29559533157962176,-0.12687856194783118
0,0,1,0,0,0.645858,0.729583,0.211454,-0.9557982458762189,0.6478832861070215
0,0,1,0,0,0.624388,0.8175,0.222633,-0.7138695841251479,0.753066186008508
1,1,0,0,0,0.616167,0.712083,0.208954,0.10664750362095393,0.05975694946273348
1,1,0,0,0,0.645837,0.578333,0.236329,0.18534718876889264,-0.223082433808947
1,1,0,0,0,0.666671,0.575417,0.143667,0.26258947234001767,-0.23719233501524398
1,1,0,0,0,0.662258,0.654583,0.233208,0.3048541180676144,0.31437653032182
1,0,1,0,0,0.633221,0.722917,0.139308,0.07458466893105296,0.1925182926310733
0,1,0,0,0,0.648996,0.674167,0.104467,-1.5533328923698277,0.2431856651445943
0,1,0,0,0,0.675525,0.77,0.248754,-0.5841608437887305,0.6619931873133185
1,1,0,0,0,0.638254,0.47,0.27675,0.022118212165760487,-0.172415061295426
1,1,0,0,0,0.606067,0.455417,0.146763,-0.6307976942467681,-0.614311512710818
1,1,0,0,0,0.630692,0.605,0.253108,-0.1469403707446264,-0.33660300260506365
1,0,1,0,0,0.645854,0.771667,0.210833,0.6021640397376051,0.35221671992052556
1,1,0,0,0,0.659733,0.76125,0.0839625,0.11684931465864969,-0.1518915686317213
0,0,1,0,0,0.635556,0.85,0.375617,0.9067609692916643,1.774751305173558
0,1,0,0,0,0.647959,0.561765,0.304659,-0.8260895055398013,0.4727922393197907
1,1,0,0,0,0.607958,0.554583,0.159825,0.17368797615438322,-0.15958787838061056
1,1,0,0,0,0.594704,0.548333,0.125008,0.10664750362095393,-0.4956600707487751
1,1,0,0,0,0.611121,0.597917,0.0833333,0.2334414408037441,-0.45781988115006955
1,1,0,0,0,0.614921,0.639167,0.141796,0.09498829100644449,-0.43344823361192025
1,0,1,0,0,0.604808,0.727083,0.139929,-0.039092654060414074,-0.12559584365634965
0,1,0,0,0,0.633213,0.716667,0.185325,-1.5839383254829151,0.7100951232438764
0,1,0,0,0,0.665429,0.742083,0.206467,-2.4379756494957316,0.7934718121901767
0,0,1,0,0,0.625646,0.790417,0.212696,-0.5652146232901526,0.9884449924953714
1,0,0,1,0,0.5152,0.886957,0.343943,0.9388238039815653,0.7376735665107296
1,0,0,1,0,0.544229,0.917083,0.0970208,1.0641603395875416,1.1404471100359344
1,0,0,1,0,0.555361,0.939565,0.192748,1.0131512843990629,1.2616639885809404
1,0,1,0,0,0.578946,0.897917,0.124379,0.6283972681202514,0.3393895370057101
0,1,0,0,0,0.607962,0.75375,0.153608,-1.314319033772384,0.039233456799028774
0,1,0,0,0,0.609229,0.71375,0.115054,-1.1438030492851836,0.15596082132384928
1,1,0,0,0,0.60213,0.692174,0.088913,0.23052663765011674,-0.23526825757802167
1,1,0,0,0,0.603554,0.7125,0.141804,0.21449522030516627,-0.2602812642619118
1,1,0,0,0,0.6269,0.697083,0.1673,0.293194905453105,-0.30902455933821044
1,0,1,0,0,0.553671,0.709167,0.271146,0.6123658507753009,0.27268818584866983
1,0,1,0,0,0.461475,0.590417,0.164183,0.15474175565580536,-0.2320614618493178
0,0,1,0,0,0.478512,0.718333,0.189675,-0.8537801354992612,0.3714574942927487
0,1,0,0,0,0.490537,0.695,0.178483,-0.7357306077773531,0.4715095210283092
1,0,1,0,0,0.529675,0.69,0.151742,0.22906923607330307,-0.12303040707338656
1,0,1,0,0,0.532217,0.88125,0.134954,0.5977918350071642,0.2906462419294114
1,0,1,0,0,0.550533,0.9,0.0964042,0.4505942757489824,-0.10058283697245954
1,0,1,0,0,0.554963,0.902083,0.128125,0.42727585051996353,-0.3744431922037692
1,0,1,0,0,0.522125,0.9725,0.0783667,0.8601241188336265,0.9743350912890745
0,0,1,0,0,0.564412,0.8625,0.0783833,-1.3522114747695397,0.00588278122050863
0,0,1,0,0,0.572637,0.845,0.0503792,-1.014094308948766,0.12196878659958837
1,0,1,0,0,0.589042,0.848333,0.1107,0.2392710471109988,-0.18588360335598222
1,0,1,0,0,0.574525,0.885417,0.118171,0.5409531735114306,0.008448217803471717
1,0,1,0,0,0.575158,0.84875,0.148629,0.5365809687809896,0.1469817932834785
1,1,0,0,0,0.574512,0.699167,0.172883,0.2844504959922229,-0.3398097983337675
1,1,0,0,0,0.544829,0.6475,0.206475,0.02649041689620153,-0.45910259944155113
0,0,1,0,0,0.412863,0.75375,0.292296,0.5365809687809896,1.0949106106883395
0,0,1,0,0,0.345317,0.791667,0.222013,0.33837435433432905,0.8685108322418471
1,0,1,0,0,0.392046,0.760833,0.0833458,0.7551912053030415,0.26691595353700287
1,1,0,0,0,0.472858,0.71,0.205854,0.5278365593201074,-0.20127622285376076
1,1,0,0,0,0.527138,0.647917,0.17725,0.4214462442127088,-0.39175988913877
1,1,0,0,0,0.480425,0.620833,0.134954,0.3048541180676144,-0.3013282495893212
1,1,0,0,0,0.504404,0.684167,0.0223917,-0.1469403707446264,-0.2436059264726517
0,1,0,0,0,0.513242,0.70125,0.0454042,-2.021158798527019,0.3092456571558938
0,1,0,0,0,0.523983,0.7275,0.06345,-2.2572578539708354,0.3477272059003401
0,1,0,0,0,0.542925,0.73375,0.0423042,-0.9703722616443556,0.0341025836331026
1,0,1,0,0,0.546096,0.80875,0.143042,0.2640468739168314,-0.1538156460689436
1,0,0,1,0,0.517717,0.90625,0.24815,0.9198775834829874,0.9345708242531465
1,0,1,0,0,0.551804,0.896667,0.141787,0.8134872683755887,0.6626345464590592
1,0,1,0,0,0.529675,0.71625,0.223883,0.46516829151711925,0.34708584675459936
0,1,0,0,0,0.498725,0.483333,0.258083,-1.5314718687176225,0.21688994016922264
0,1,0,0,0,0.503154,0.486667,0.281717,-1.3114042306187568,0.23292391881274194
1,1,0,0,0,0.510725,0.579583,0.175379,0.19700640138340209,-0.1288026393850535
1,0,1,0,0,0.522721,0.701667,0.110087,0.3077689212212418,-0.2917078624032096
1,0,0,1,0,0.513848,0.895217,0.243339,0.8659537251408812,0.953170239479629
1,1,0,0,0,0.466525,0.63625,0.422275,0.5496975829723126,-0.04350187300153082
1,1,0,0,0,0.423596,0.574167,0.221396,0.25093025972550825,0.0180686049895833
0,1,0,0,0,0.425492,0.629167,0.0926667,-0.9485112379921504,0.5433417453512757
0,1,0,0,0,0.422333,0.74125,0.0995125,-1.123399427209792,0.5734856252010919
1,1,0,0,0,0.457067,0.772083,0.118792,0.21741002345879362,0.10785888539329139
1,1,0,0,0,0.463375,0.622917,0.166658,0.22323962976604833,-0.21538612406005772
1,0,1,0,0,0.472846,0.720417,0.148642,0.6473434886188292,0.10657616710180984
1,0,1,0,0,0.457046,0.812917,0.197763,0.8863573472162728,0.7934718121901767
1,0,1,0,0,0.318812,0.585833,0.229479,0.5715586066245179,0.2342066371042235
0,0,0,1,0,0.227913,0.8825,0.351371,1.1530618357731761,1.9793448726648644
0,1,0,0,0,0.321329,0.62375,0.176617,-0.053666669828550874,0.7761551152551759
1,1,0,0,0,0.356063,0.703333,0.10635,0.7085543548450038,0.22394489077237112
1,1,0,0,0,0.397088,0.68375,0.135571,0.6385990791579471,-0.0011721693826398632
1,1,0,0,0,0.390133,0.71875,0.0820917,0.6968951422304943,-0.10250691440968185
1,1,0,0,0,0.405921,0.702083,0.136817,0.7726800242248058,0.00011054890884168091
1,0,1,0,0,0.403392,0.6225,0.271779,0.5511549845491264,0.051419280568103444
0,1,0,0,0,0.323854,0.519167,0.189062,-0.4486224971450582,0.5683547520351657
0,1,0,0,0,0.362358,0.734583,0.0920542,-0.15131257547506743,0.6151739696742421
1,1,0,0,0,0.400871,0.75875,0.057225,0.6925229375000533,-0.0037376059656029515
1,1,0,0,0,0.412246,0.721667,0.0690375,0.6881507327696123,-0.11084458330431189
1,1,0,0,0,0.409079,0.758333,0.0621958,0.7916262447233836,-0.09481060466079258
1,0,1,0,0,0.373721,0.813333,0.189067,0.9592274260569568,0.5856714489701665
0,1,0,0,0,0.306817,0.44625,0.314675,0.5948770318535368,0.46702000700812374
0,1,0,0,0,0.357942,0.552917,0.212062,-0.6220532847858861,0.5542448508288688
0,1,0,0,0,0.43055,0.458333,0.281721,-0.2270974574693788,0.6049122233423897
1,1,0,0,0,0.524612,0.587083,0.306596,0.36897978744741633,-0.15060885034023974
1,0,1,0,0,0.507579,0.68875,0.199633,0.5817604176622136,-0.05761177420782781
1,0,0,1,0,0.451988,0.93,0.136829,1.0248104970135723,1.2725670940585334
1,0,1,0,0,0.323221,0.575833,0.305362,1.0335549064744545,0.47599903504849456
1,1,0,0,0,0.272721,0.41,0.168533,0.8790703393322044,0.3265623540908947
0,1,0,0,0,0.324483,0.502083,0.224496,-0.1381959612837443,0.6004227093222043
0,0,1,0,0,0.457058,0.684583,0.18595,0.08915868469918976,0.5920850404275743
1,0,0,1,0,0.445062,0.91,0.138054,0.9155053787525463,0.7126605598268394
1,0,0,1,0,0.421696,0.9625,0.118792,1.135573016851412,1.358509219587797
1,0,1,0,0,0.430537,0.757917,0.335825,1.0729047490484238,0.7710242420892497
0,1,0,0,0,0.372471,0.549167,0.167304,0.41998884263589514,1.7452487844694824
1,1,0,0,0,0.380671,0.64375,0.0988958,-0.35972100095942366,1.2565331154150141
0,1,0,0,0,0.385087,0.681667,0.0684208,-0.5841608437887305,1.17828729963464
0,1,0,0,0,0.4558,0.698333,0.208954,0.05563844843247513,0.8948065572172187
1,1,0,0,0,0.490122,0.743043,0.142122,0.8674111267176949,0.027047633029954107
1,0,1,0,0,0.451375,0.830833,0.258092,1.0962231742774426,0.5375695130396086
1,1,0,0,0,0.311221,0.613333,0.271158,0.9621422292105841,0.14826451157496004
1,1,0,0,0,0.305554,0.524583,0.220158,0.9708866386714662,0.07130141408606738
1,1,0,0,0,0.331433,0.625833,0.100754,0.8455501030654897,-0.010151197423010672
0,1,0,0,0,0.310604,0.612917,0.0957833,0.20720821242109785,0.4798471899229392
0,1,0,0,0,0.3491,0.775833,0.0839583,0.3121411259516828,0.5164046612301632
1,0,1,0,0,0.393925,0.827083,0.0622083,0.8965591582539685,0.0501365622766219
1,0,0,1,0,0.4564,0.949583,0.232583,1.0525011269730322,0.7620452140488789
1,0,0,1,0,0.400246,0.970417,0.266175,1.163263646810872,1.9248293452768988
1,1,0,0,0,0.256938,0.58,0.240058,1.017523489129504,0.3105283754473754
1,1,0,0,0,0.317542,0.695833,0.0827167,0.8557519141031855,0.19059421519385097
0,1,0,0,0,0.266412,0.5075,0.233221,0.5045181340910886,0.620946201985909
0,1,0,0,0,0.253154,0.49,0.0665417,0.6866933311927986,0.8274638469144376
1,1,0,0,0,0.270196,0.670833,0.06345,1.0277253001671998,0.31373517117607924
1,1,0,0,0,0.301138,0.59,0.14055,1.0102364812454356,0.18482198288218404
1,0,1,0,0,0.338362,0.66375,0.0609583,0.9767162449787209,0.060398308608474255
1,0,1,0,0,0.412237,0.634167,0.268042,0.9723440402482799,0.08220451956366051
1,0,1,0,0,0.359825,0.500417,0.260575,0.9767162449787209,0.1649398493642201
0,0,1,0,0,0.249371,0.560833,0.243167,0.8353482920277939,0.764610650631842
0,1,0,0,0,0.245579,0.58625,0.169779,0.9155053787525463,0.9268745145042573
1,1,0,0,0,0.280933,0.6375,0.172896,0.8572093156799991,0.3291277906738577
1,0,1,0,0,0.396454,0.595417,0.0615708,0.921334985059801,0.07835636468921588
1,0,1,0,0,0.428017,0.858333,0.2214,1.0801917569324921,0.7075296866609133
1,0,1,0,0,0.426121,0.7575,0.047275,0.9053035677148507,0.5228182526875709
1,1,0,0,0,0.377513,0.68625,0.274246,0.9985772686309261,1.0326987735514848
0,1,0,0,0,0.299242,0.5425,0.190304,1.0102364812454356,1.7959161569830036
0,1,0,0,0,0.279961,0.681304,0.155091,0.794541047877011,2.055666611008016
0,1,0,0,0,0.315535,0.506957,0.239465,0.6094510476216736,1.7760340234650396
1,0,1,0,0,0.327633,0.7625,0.18845,1.0860213632397469,1.6657202503976267
1,1,0,0,0,0.279974,0.503913,0.293961,0.8644963235640676,1.032057414405744
1,1,0,0,0,0.263892,0.574167,0.119412,0.8659537251408812,0.9538115986253698
1,1,0,0,0,0.318812,0.636667,0.134337,0.5205495514360391,0.736390848219248
0,1,0,0,0,0.414121,0.615833,0.220154,0.26696167707045876,1.1776459404888993
0,1,0,0,0,0.375621,0.6925,0.192167,0.23635624395737145,1.3136140793859428
0,1,0,0,0,0.252304,0.381304,0.329665,0.8805277409090181,1.2501195239576064
1,1,0,0,0,0.126275,0.44125,0.365671,1.1064249853151384,0.9679214998316668
1,0,1,0,0,0.119337,0.414583,0.1847,1.0976805758542563,0.8871102474683294
1,1,0,0,0,0.278412,0.524167,0.129987,1.0320975048976408,0.33618274127700626
1,1,0,0,0,0.340267,0.542083,0.167908,0.7887114415697561,-0.08647293576616255
0,1,0,0,0,0.390779,0.531667,0.174758,-0.3232859615390817,0.13158917378569995
0,1,0,0,0,0.340258,0.465,0.191542,0.3631501811401616,0.5324386398736825
1,0,1,0,0,0.247479,0.701667,0.0989,1.081649158509306,0.8890343249055518
1,1,0,0,0,0.318826,0.646522,0.187552,0.9840032528627893,0.14826451157496004
1,0,1,0,0,0.282821,0.8475,0.131221,1.1020527805846974,1.0076857668675947
1,0,1,0,0,0.381938,0.802917,0.180967,0.844092701488676,-0.11020322415857112
1,1,0,0,0,0.249362,0.5075,0.378108,0.9825458512859756,0.39518778268515725
0,1,0,0,0,0.183087,0.4575,0.187183,0.7508190005726005,0.9595838309370367
0,1,0,0,0,0.161625,0.419167,0.251258,0.8222316778364709,1.0448845973205594
0,1,0,0,0,0.190663,0.5225,0.231358,0.9198775834829874,1.0102512034505577
1,0,1,0,0,0.364278,0.716087,0.34913,1.0510437253962186,0.5439831044970164
1,1,0,0,0,0.275254,0.443333,0.415429,1.077276953778865,0.24959925660200202
1,1,0,0,0,0.190038,0.4975,0.220158,1.0466715206657775,0.3169419669047831
1,0,1,0,0,0.220958,0.45,0.20275,1.0685325443179827,0.3900569095192311
0,0,1,0,0,0.174875,0.83125,0.222642,1.1384878200050395,1.5534823998929916
0,0,1,0,0,0.16225,0.79625,0.199638,0.9504830165960747,1.2026589471727893
1,0,1,0,0,0.243058,0.91125,0.110708,1.0248104970135723,0.8781312194279587
1,1,0,0,0,0.349108,0.835833,0.123767,0.5963344334303504,-0.1563810826519067
1,1,0,0,0,0.294821,0.64375,0.161071,0.5555271892795673,-0.09416924551505182
1,0,1,0,0,0.35605,0.769583,0.0733958,0.8805277409090181,-0.11212730159579343
1,0,1,0,0,0.415383,0.74125,0.342667,0.844092701488676,0.3009079882612638
0,1,0,0,0,0.326379,0.543333,0.210829,0.10664750362095393,0.2617850803710767
0,1,0,0,0,0.272721,0.31125,0.24005,0.4229036457895225,0.6228702794231313
1,1,0,0,0,0.262625,0.400833,0.215792,1.0525011269730322,0.10144529393588367
1,1,0,0,0,0.381317,0.416667,0.261817,0.7639356147639237,-0.33916843918802675
1,1,0,0,0,0.466538,0.507917,0.189067,0.7930836463001972,-0.3968907623046962
1,0,1,0,0,0.398971,0.672917,0.187187,0.9592274260569568,0.054626076296807304
1,1,0,0,0,0.309346,0.526667,0.178496,0.7843392368393152,-0.11854089305320115
0,0,1,0,0,0.272725,0.779583,0.121896,0.6764915201551028,0.7748723969636944
0,0,1,0,0,0.264521,0.687917,0.175996,0.7726800242248058,0.6587863915846146
1,1,0,0,0,0.296426,0.622174,0.1538,0.9359090008279379,0.0501365622766219
1,1,0,0,0,0.361104,0.49625,0.147379,0.9461108118656336,-0.3333962068763598
1,0,1,0,0,0.266421,0.722917,0.133721,1.077276953778865,0.6177394062572051
1,1,0,0,0,0.261988,0.562083,0.194037,0.9985772686309261,-0.006944401694306812
1,0,1,0,0,0.293558,0.54,0.116929,0.9053035677148507,0.03346122448736183
0,0,0,1,0,0.210867,0.73125,0.289796,0.9563126229033294,1.076952554607598
0,1,0,0,0,0.101658,0.464583,0.409212,1.1297434105441573,1.4111006695385402
1,1,0,0,0,0.227913,0.41125,0.167283,1.0991379774310701,0.21047634871181492
1,0,1,0,0,0.333946,0.50875,0.141179,1.0393845127817092,-0.08390749918319947
1,1,0,0,0,0.351629,0.53125,0.1816,1.030640103320827,-0.23847505330672553
1,0,1,0,0,0.330162,0.752917,0.091425,1.1282860089673437,0.4650959295709014
1,1,0,0,0,0.351629,0.634583,0.205846,0.7275005753435816,-0.09545196380653335
0,1,0,0,0,0.355425,0.534583,0.190929,-0.8552375370760749,0.4958811685664585
0,0,1,0,0,0.265788,0.515833,0.253112,0.3354595511807017,1.0166647949079655
0,1,0,0,0,0.273391,0.507826,0.229083,0.5045181340910886,0.6600691098760961
1,1,0,0,0,0.295113,0.594348,0.205717,0.9985772686309261,0.027047633029954107
1,1,0,0,0,0.392667,0.567917,0.234471,0.6619175043869661,-0.4635921134617365
1,1,0,0,0,0.444446,0.554583,0.190913,0.48411451201569705,-0.5706990908004455
1,0,1,0,0,0.410971,0.7375,0.237567,0.8776129377553907,0.2662745943912621
0,1,0,0,0,0.255675,0.395833,0.421642,0.7741374258016194,0.7960372487731399
0,1,0,0,0,0.268308,0.41,0.205229,0.48557191359251073,0.5016534008781255
1,1,0,0,0,0.357954,0.490833,0.268033,0.8674111267176949,-0.26477077828209716
1,1,0,0,0,0.353525,0.395833,0.193417,0.9023887645612232,-0.3064591227552474
1,0,1,0,0,0.34847,0.804783,0.179117,1.1414026231586667,1.2103552569216787
1,1,0,0,0,0.475371,0.615417,0.226987,0.76247821318711,-0.6470208291435974
1,0,1,0,0,0.359842,0.657083,0.144904,0.8776129377553907,0.4541928240933083
0,0,1,0,0,0.413492,0.62125,0.161079,-0.15714218178232217,0.3502926424833032
0,1,0,0,0,0.303021,0.403333,0.334571,0.20137860611384314,0.6049122233423897
1,1,0,0,0,0.241171,0.50625,0.228858,0.9402812055583789,0.3374654595684878
1,1,0,0,0,0.255042,0.456667,0.200875,0.9140479771757327,-0.050556823604679314
1,1,0,0,0,0.3851,0.513333,0.345779,0.6065362444680462,-0.5309348237645176
1,1,0,0,0,0.524604,0.5675,0.441563,0.5278365593201074,-0.7951747918097157
1,0,1,0,0,0.397083,0.407083,0.4148,0.584675220815841,-0.2987628130063581
0,1,0,0,0,0.277767,0.350417,0.22575,-0.17463100070408633,0.32463827665367234
0,1,0,0,0,0.35967,0.476957,0.222587,-1.1802380887055255,0.2585782846423728
1,1,0,0,0,0.459592,0.489167,0.207713,0.014831204281692087,-0.515542204266739
1,1,0,0,0,0.542929,0.6175,0.23695,0.12559372411953176,-0.9163916703547216
1,1,0,0,0,0.548617,0.507083,0.115062,-0.21689564643168305,-1.0639042738750992
1,1,0,0,0,0.532825,0.579583,0.149883,-0.2285548590461925,-0.9818103032202804
1,0,1,0,0,0.436229,0.842083,0.113192,0.4374776615576593,-0.11148594245005265
0,0,1,0,0,0.505046,0.755833,0.110704,-3.3619682491956047,-0.6572825754754497
0,0,1,0,0,0.464,0.81,0.126883,-1.980351554376236,-0.01848886631764071
1,1,0,0,0,0.532821,0.72875,0.162317,-0.19503462277947783,-0.971548556888428
1,1,0,0,0,0.538533,0.807917,0.121271,-0.29559533157962176,-0.8888132270878684
1,0,1,0,0,0.513258,0.82125,0.0895583,-0.39907084353339306,-0.9311429307067594
1,1,0,0,0,0.531567,0.83125,0.117562,-0.7080399778178932,-1.2062860042295507
1,0,1,0,0,0.570067,0.694167,0.1163,-2.36219076750142,-1.4346098601132655
0,0,1,0,0,0.486733,0.885417,0.192783,-0.2693621031969755,0.8447805438494385
0,0,1,0,0,0.437488,0.880833,0.220775,-0.9966054900270018,0.12325150489106992
1,1,0,0,0,0.43875,0.477917,0.386821,0.07749947208468033,-0.709874025426193
1,1,0,0,0,0.315654,0.29,0.187192,0.46225348836349184,-0.5867330694439647
1,1,0,0,0,0.47095,0.48125,0.291671,0.2538450628791356,-0.8772687624645346
1,1,0,0,0,0.482304,0.439167,0.31965,0.020660810588946806,-1.0536425275432468
1,0,1,0,0,0.375621,0.580833,0.138067,0.07604207050786665,-0.6457381108521157
0,0,1,0,0,0.421708,0.738333,0.250617,-2.117347302596722,-0.17818729360709296
0,0,1,0,0,0.417287,0.67625,0.172267,-2.1843877751301513,-0.024261098629307656
1,1,0,0,0,0.427513,0.504348,0.312139,-0.5244073791393695,-0.687426455325266
1,1,0,0,0,0.461483,0.396667,0.100133,-0.7284435998932848,-1.1338124207608433
1,1,0,0,0,0.53345,0.469583,0.180975,-0.3057971426173175,-1.1043099000567678
1,1,0,0,0,0.431163,0.374167,0.219529,-0.5010889539103507,-1.0318363165880606
1,1,0,0,0,0.390767,0.377083,0.300388,-1.3973909236507638,-0.639324519394708
0,1,0,0,0,0.426129,0.254167,0.274871,-3.5033362021465315,0.032819865341621055
0,1,0,0,0,0.492425,0.275833,0.232596,-2.0138717906429506,0.45996505640497526
1,1,0,0,0,0.476638,0.3175,0.358196,-0.08281470136482448,-0.656641216329709
1,1,0,0,0,0.436233,0.435,0.249375,0.04252183424115201,-0.9253706983950925
1,1,0,0,0,0.337274,0.469565,0.295274,0.5336661656273621,-0.46423347260747727
1,1,0,0,0,0.387604,0.46625,0.290429,0.2698764802240861,-0.6989709199485998
1,1,0,0,0,0.431808,0.408333,0.155471,-0.5885330485191714,-0.9555145782449087
0,1,0,0,0,0.487996,0.502917,0.190917,-2.83730368154268,-0.6470208291435974
0,1,0,0,0,0.573875,0.507917,0.225129,-2.9116311619601776,-0.4039457129078447
0,1,0,0,0,0.614925,0.561667,0.284829,-0.5098333633712328,-0.9721899160341688
1,1,0,0,0,0.598487,0.390417,0.273629,-0.2052364338171736,-1.312110263276778
1,0,1,0,0,0.457038,0.569167,0.167912,0.730415378497209,-0.23334418014079936
1,1,0,0,0,0.493046,0.6125,0.0659292,0.003171991667182647,-1.323013368754371
1,1,0,0,0,0.515775,0.694583,0.149871,-0.7167843872787752,-1.4711673314204894
0,1,0,0,0,0.542921,0.682917,0.283587,-2.4671236810320054,-0.273749806322468
0,0,0,1,0,0.389504,0.835417,0.344546,1.0612455364339144,1.7632068405502241
1,0,1,0,0,0.301125,0.766667,0.303496,0.9519404181728883,0.4086563247457135
1,1,0,0,0,0.405283,0.454167,0.249383,0.4811997088620697,-0.9356324447269447
1,1,0,0,0,0.470317,0.427917,0.118792,0.28153569283859553,-1.2088514408125137
1,0,1,0,0,0.483583,0.756667,0.176625,0.5438679766650579,-0.5739058865291493
1,1,0,0,0,0.452637,0.400833,0.347633,-0.2416714732375156,-1.002333795883985
0,0,1,0,0,0.377504,0.489583,0.129975,-0.3961560403797657,0.35670623394071094
0,1,0,0,0,0.450121,0.587083,0.116908,-2.0124143890661372,-0.26861893315654184
1,0,1,0,0,0.457696,0.57,0.171638,0.26696167707045876,-0.8022297424128642
1,0,1,0,0,0.577021,0.659583,0.156096,0.2844504959922229,-0.9176743886462031
1,1,0,0,0,0.537896,0.797083,0.138058,0.2640468739168314,-1.1838384341286237
1,0,1,0,0,0.537242,0.768333,0.133696,0.12267892096590441,-1.2832491017184433
1,1,0,0,0,0.590917,0.735417,0.162938,-0.321828559962268,-1.0074646690499112
0,0,1,0,0,0.584608,0.756667,0.152992,-2.4015406100753895,-0.4687229866276627
0,0,1,0,0,0.546737,0.74,0.149879,-1.875418640845651,-0.36418144587191686
1,0,1,0,0,0.527142,0.664167,0.230721,-0.23292706377663353,-1.0318363165880606
1,0,1,0,0,0.557471,0.685833,0.296029,0.1605713619630601,-0.8554625515093482
1,0,1,0,0,0.553025,0.744167,0.216412,0.33254474802707434,-0.2827288343628388
1,1,0,0,0,0.491783,0.552083,0.314063,-0.25916029215927977,-1.2120582365412176
1,1,0,0,0,0.520833,0.360417,0.236937,-0.686178954165688,-1.317882495588445
0,1,0,0,0,0.544817,0.480417,0.123133,-2.5851732087539134,-0.738093827838787
0,1,0,0,0,0.585238,0.57625,0.225117,-1.9293424991877572,-0.18588360335598222
1,0,1,0,0,0.5499,0.789583,0.212692,0.7377023863812774,0.7408803622394334
1,0,1,0,0,0.576404,0.794583,0.147392,0.32525774014300596,-0.5347829786389622
1,1,0,0,0,0.595975,0.697917,0.122512,-0.20815123697080096,-1.7809437988132824
1,1,0,0,0,0.572613,0.52,0.229475,-0.5739590327510347,-1.5943082874027177
1,1,0,0,0,0.551121,0.523333,0.136817,-0.9805740726820514,-1.5789156679049392
0,1,0,0,0,0.566908,0.45625,0.083975,-3.733605651283093,-0.7874784820608264
0,1,0,0,0,0.583967,0.530417,0.254367,-2.704680138052635,-0.49309463416581206
1,0,1,0,0,0.565667,0.81125,0.233204,0.3179707322589375,-0.04670866873023468
1,0,1,0,0,0.580825,0.765833,0.118167,0.04252183424115201,-1.024781365984912
1,0,1,0,0,0.584612,0.774583,0.102,0.11976411781227705,-0.5373484152219253
1,1,0,0,0,0.6067,0.716667,0.172896,-0.30725454419413123,-1.317882495588445
1,1,0,0,0,0.627529,0.747083,0.14055,-0.8290043086934287,-1.0651869921665806
0,1,0,0,0,0.642696,0.7325,0.198992,-2.924747776151501,-0.01592342973467762
0,1,0,0,0,0.641425,0.697083,0.215171,-3.548515651027756,0.22330353162663036
0,1,0,0,0,0.6793,0.67625,0.196521,-2.4904421062610242,0.10914160368477294
1,1,0,0,0,0.672992,0.684583,0.2954,-0.046379661944482474,-0.7740099400002702
1,0,1,0,0,0.611129,0.67,0.134329,0.15036955092536433,-1.573784794739013
1,1,0,0,0,0.631329,0.492917,0.195279,-0.3670080088434921,-1.6558787653938318
1,0,1,0,0,0.607962,0.755417,0.237563,0.4593386852098645,0.03987481594476955
0,1,0,0,0,0.566288,0.549167,0.186562,-2.83730368154268,-1.070317865332507
0,1,0,0,0,0.575133,0.493333,0.184087,-2.3986258069217623,-0.9561559373906494
1,1,0,0,0,0.578283,0.487083,0.284833,-0.32474336311589536,-1.4564160710684517
1,0,1,0,0,0.525892,0.613333,0.209575,-0.17463100070408633,-1.5244001405169736
1,1,0,0,0,0.542292,0.61125,0.077125,-0.26061769373609345,-1.5211933447882697
1,1,0,0,0,0.569442,0.567083,0.15735,-0.2766491110810439,-1.79569505916532
1,1,0,0,0,0.597862,0.467917,0.175383,-0.9324798206471999,-1.6622923568512395
0,1,0,0,0,0.648367,0.437083,0.144287,-2.71050974435989,-0.7271907223611939
0,1,0,0,0,0.663517,0.538333,0.133721,-2.0051273811820685,-0.46038531773303265
1,0,1,0,0,0.659721,0.587917,0.207713,-0.24604367796795665,-1.2768355102610356
1,0,1,0,0,0.597875,0.833333,0.214546,0.5409531735114306,-0.537989774367666
1,1,0,0,0,0.611117,0.582083,0.343279,-0.4733983239508907,-1.6622923568512395
1,1,0,0,0,0.624383,0.569583,0.253733,-0.4836001349885865,-1.6206040123780894
1,1,0,0,0,0.599754,0.589583,0.176617,-1.0417849389082259,-1.5686539215730868
0,1,0,0,0,0.594708,0.504167,0.166667,-3.082147146447378,-0.6944814059284145
0,1,0,0,0,0.571975,0.59875,0.144904,-2.6026620276756773,-0.4411445433608095
1,0,1,0,0,0.544842,0.777917,0.174746,0.2844504959922229,-0.5065631762263683
1,1,0,0,0,0.654692,0.69,0.148017,-0.17463100070408633,-1.4115209308665977
1,1,0,0,0,0.720975,0.592083,0.113812,-0.034720449329973035,-1.0792968933728777
1,1,0,0,0,0.752542,0.567917,0.118787,0.10227529889051289,-0.943328754475834
1,1,0,0,0,0.724121,0.57375,0.182842,-0.1688013943968316,-0.7714445034173071
0,1,0,0,0,0.652792,0.534583,0.179721,-2.636182263942392,-0.7342456729643423
0,1,0,0,0,0.674254,0.479167,0.145525,-2.481697696800142,-0.4385791067778464
1,1,0,0,0,0.654042,0.504167,0.300383,-0.42384667033922563,-1.27234599624085
1,1,0,0,0,0.594704,0.373333,0.347642,-0.3334877725767774,-1.73733137690291
1,1,0,0,0,0.640792,0.36,0.271775,-0.3334877725767774,-1.6687059483086473
1,1,0,0,0,0.675512,0.4225,0.17165,-0.10613312659384336,-1.4762982045864157
1,1,0,0,0,0.786613,0.48875,0.165417,0.02794781847301521,-0.6271386956256334
0,1,0,0,0,0.687508,0.60125,0.161071,-0.8843855686123485,-0.369312319037843
0,1,0,0,0,0.750629,0.51875,0.168529,-0.8348339150006834,-0.29106650325746886
1,1,0,0,0,0.702038,0.447083,0.195267,-0.08135729978801079,-1.0690351470410253
1,1,0,0,0,0.70265,0.492083,0.126237,-0.29705273315643543,-1.2518225035771453
0,1,0,0,0,0.732337,0.53875,0.13495,-2.4977291141450926,-0.7599000387939732
1,1,0,0,0,0.761367,0.457917,0.194029,-0.8115154897716645,-0.7566932430652693
1,1,0,0,0,0.752533,0.450833,0.146142,-0.754676828275931,-0.7599000387939732
0,1,0,0,0,0.804913,0.492083,0.163554,-0.8741837575746527,0.1694293633844055
0,1,0,0,0,0.790396,0.57375,0.125629,-0.5171203712553011,0.12004470916236605
1,0,1,0,0,0.654054,0.683333,0.180975,-0.21835304800849673,-1.2280922151847369
1,0,1,0,0,0.664796,0.6675,0.151737,-0.1542273786286948,-1.0773728159356555
1,1,0,0,0,0.650271,0.633333,0.151733,-0.18483281174178207,-1.6885880818266112
1,1,0,0,0,0.654683,0.529583,0.146775,-0.26790470162016183,-1.7687579750442077
1,0,1,0,0,0.667933,0.485833,0.08085,-0.9660000569139146,-1.4955389789586389
0,0,1,0,0,0.666042,0.699167,0.143679,-2.1960469877446607,-0.614311512710818
0,1,0,0,0,0.705196,0.717917,0.166667,-1.56207730183071,-0.2917078624032096
1,1,0,0,0,0.724125,0.645,0.164187,-0.3495191899217279,-1.337764629106409
1,1,0,0,0,0.755683,0.505833,0.114429,-0.10613312659384336,-1.4166518040325238
1,1,0,0,0,0.745583,0.577083,0.137442,0.07166986577742561,-0.8067192564330495
1,1,0,0,0,0.714642,0.600417,0.165429,-0.05803887455899191,-1.3127516224225186
1,0,1,0,0,0.613025,0.844167,0.208967,0.14745474777173698,-0.9407633178928709
0,0,0,1,0,0.549912,0.865417,0.2133,-0.6060218674409357,0.2957771150953376
0,0,1,0,0,0.623125,0.7625,0.0939208,-2.471495885762446,-0.7759340174374925
1,1,0,0,0,0.690017,0.694167,0.138683,-0.41801706403197086,-1.3948455930773376
1,1,0,0,0,0.70645,0.655,0.211454,-0.4253040719160393,-1.793129622582357
1,1,0,0,0,0.654054,0.45,0.1648,-0.7794526550817635,-2.009909013842738
1,1,0,0,0,0.739263,0.596667,0.284813,-0.27373430792741654,-1.390997438202893
1,1,0,0,0,0.734217,0.594583,0.152992,-0.5987348595568672,-1.275552791969554
0,1,0,0,0,0.697604,0.613333,0.15735,-2.0197013969502056,-0.5097699719550721
0,1,0,0,0,0.667933,0.62375,0.170396,-1.9016518692282973,-0.5052804579348867
1,1,0,0,0,0.684987,0.66875,0.153617,-0.2795639142346713,-1.5449236331806782
1,1,0,0,0,0.662896,0.704167,0.165425,-0.17463100070408633,-1.6622923568512395
1,1,0,0,0,0.667308,0.6775,0.141179,-0.3291155678463364,-1.8277630164523586
1,1,0,0,0,0.707088,0.659583,0.129354,-0.1964920243562915,-1.6815331312234627
1,0,1,0,0,0.722867,0.6425,0.215792,-0.6992955683570111,-1.40510733940919
0,1,0,0,0,0.751267,0.613333,0.257458,-2.181472971976524,-0.5277280280358138
0,1,0,0,0,0.731079,0.6525,0.290421,-1.2516507659693958,-0.0646667248109763
1,0,1,0,0,0.710246,0.654167,0.129354,-0.5608424185597115,-1.3621362766445582
1,0,1,0,0,0.697621,0.70375,0.116908,-0.6264254895163271,-1.5000284929788241
1,0,1,0,0,0.707717,0.672917,0.1107,-0.6045644658641219,-1.6770436172032772
1,1,0,0,0,0.699508,0.620417,0.1561,-0.5069185602176054,-1.5609576118241975
1,0,1,0,0,0.667942,0.715833,0.238813,-0.3159989536550133,-0.6829369413050805
0,0,1,0,0,0.638267,0.732917,0.206479,-2.0386476174487833,-0.25386767280450406
0,1,0,0,0,0.644579,0.530417,0.122512,-1.9439165149558941,-0.4526890079841434
1,1,0,0,0,0.662254,0.545417,0.136212,-0.5229499775625559,-1.295434925487518
1,1,0,0,0,0.676779,0.686667,0.169158,-0.4078152529942751,-1.2826077425727025
1,1,0,0,0,0.654037,0.619583,0.169771,-0.5098333633712328,-1.5987978014229032
1,1,0,0,0,0.654688,0.519167,0.141796,-0.7138695841251479,-1.6744781806203142
1,1,0,0,0,0.2424,0.570833,0.231354,-0.9251928127631316,-1.2883799748843694
0,1,0,0,0,0.618071,0.603333,0.177867,-2.8839405320007176,-0.8862477905049053
0,0,1,0,0,0.603554,0.711667,0.08645,-0.5244073791393695,0.2021386798171849
1,0,1,0,0,0.595967,0.734167,0.129979,-0.25916029215927977,-1.185121152420105
1,1,0,0,0,0.601025,0.67375,0.0727708,-0.3393173788840322,-1.45513335277697
1,1,0,0,0,0.621854,0.677083,0.0702833,-0.35826359938261,-1.683457208660685
1,1,0,0,0,0.637008,0.635833,0.0845958,-0.75030462354549,-1.7610616652953184
1,0,1,0,0,0.6471,0.615,0.0721458,-0.6949233636265701,-1.6680645891629065
0,0,1,0,0,0.618696,0.712917,0.244408,-1.4294537583406648,-0.36418144587191686
0,0,1,0,0,0.595996,0.845833,0.228858,-0.9251928127631316,-0.07428711199708787
1,1,0,0,0,0.654688,0.730417,0.128733,-0.2052364338171736,-1.4570574302141925
1,1,0,0,0,0.66605,0.62,0.190925,-0.12653674866923487,-1.570577999010309
1,1,0,0,0,0.635733,0.552083,0.112562,-0.4792279302581455,-1.8367420444927296
1,1,0,0,0,0.652779,0.590417,0.0771167,-0.47194092237407703,-1.8502105865532856
1,1,0,0,0,0.6894,0.5875,0.168533,-0.8523227339224475,-1.450002479611044
0,0,1,0,0,0.702654,0.638333,0.113187,-2.1916747830142196,-0.08454885832894023
0,0,1,0,0,0.649,0.815,0.0640708,-2.57205659456259,0.2944943968038561
0,1,0,0,0,0.661629,0.790833,0.151121,-1.6276603727873256,-0.26477077828209716
1,1,0,0,0,0.686888,0.755,0.236321,-0.027433441445904636,-1.5013112112703058
1,1,0,0,0,0.708983,0.74125,0.187808,0.023575613742574168,-1.6828158495149441
1,0,1,0,0,0.655329,0.810417,0.142421,0.34566136221839744,-1.2415607572452931
1,1,0,0,0,0.657204,0.73625,0.171646,-0.2868509221187397,-1.7976191366025425
0,0,1,0,0,0.611121,0.799167,0.281104,-1.033040529447344,-0.4892464792913674
0,1,0,0,0,0.578925,0.5475,0.224496,-2.509388326759602,-1.2832491017184433
1,1,0,0,0,0.565654,0.50375,0.258713,-0.39324123722613835,-1.7642684610240222
1,1,0,0,0,0.554292,0.52,0.0920542,-0.3232859615390817,-1.950262613288846
1,1,0,0,0,0.570075,0.577083,0.131846,-0.2941379300028081,-2.029149788214961
1,1,0,0,0,0.579558,0.637083,0.0827208,-0.2999675363100628,-1.9842546480131071
1,1,0,0,0,0.594083,0.6725,0.103863,-0.7736230487745088,-1.9072915505242145
0,1,0,0,0,0.585867,0.501667,0.247521,-3.369255257079673,-1.2171891097071437
0,1,0,0,0,0.563125,0.57,0.0901833,-1.9205980897268753,-0.968983120305465
1,0,1,0,0,0.55305,0.734583,0.151742,-0.25333068585202506,-1.40510733940919
1,0,1,0,0,0.565067,0.8725,0.357587,0.6954377406536807,-0.029391971795233833
1,1,0,0,0,0.540404,0.536667,0.215175,0.08770128312237609,-2.018246682737368
1,1,0,0,0,0.532192,0.618333,0.118167,-0.1323663549764896,-2.004136781531071
1,1,0,0,0,0.571971,0.66875,0.154229,-0.5856182453655441,-2.091361625351816
0,1,0,0,0,0.610488,0.646667,0.283583,-2.4248590353044084,-1.4281962686558578
0,1,0,0,0,0.518933,0.467083,0.223258,-2.340329743849215,-1.1524118359873257
1,1,0,0,0,0.502513,0.492917,0.142404,-0.22272525273893776,-1.782226517104764
1,1,0,0,0,0.544179,0.57,0.236321,0.004629393243996327,-1.947697176705883
1,1,0,0,0,0.596613,0.630833,0.2444,0.08915868469918976,-2.1099610405782983
1,0,1,0,0,0.607975,0.690833,0.134342,0.14162514146448224,-1.9149878602731036
1,0,1,0,0,0.585863,0.69,0.164179,-0.2868509221187397,-1.7405381726316138
0,1,0,0,0,0.530296,0.542917,0.227604,-2.537078956719062,-1.4814290777523418
0,1,0,0,0,0.517663,0.583333,0.134958,-1.7005304516280095,-0.7810648906034187
1,0,1,0,0,0.512,0.649167,0.0908042,0.12413632254271809,-1.5128556758936396
1,0,0,1,0,0.542333,0.871667,0.104475,0.7770522289552467,-0.42831736044599406
1,0,1,0,0,0.599133,0.79375,0.0665458,0.1751453777311969,-2.04454240771274
1,0,1,0,0,0.607975,0.722917,0.117546,-0.06241107928943296,-1.7835092353962454
1,1,0,0,0,0.580187,0.6275,0.10635,-0.973287064797983,-1.9137051419816222
0,1,0,0,0,0.538521,0.664167,0.268025,-3.1812504536707085,-0.819546439347865
0,0,1,0,0,0.419813,0.708333,0.141162,0.09790309416007185,0.5946504770105374
0,0,1,0,0,0.387608,0.709583,0.189679,-0.0376352524836004,-0.6078979212534102
1,0,1,0,0,0.438112,0.761667,0.1903,0.36023537798653427,-1.3691912272477067
1,1,0,0,0,0.503142,0.630833,0.187821,0.09936049573688553,-2.0875134704773712
1,1,0,0,0,0.431167,0.463333,0.181596,0.020660810588946806,-1.9752756199727364
1,1,0,0,0,0.433071,0.539167,0.235092,-0.3087119457709449,-1.6456170190619794
0,1,0,0,0,0.391396,0.494583,0.146142,-2.0459346253328516,-0.7701617851258256
0,1,0,0,0,0.508204,0.640417,0.278612,-1.7952615541208987,-0.5790367596950755
1,0,1,0,0,0.53915,0.7075,0.296037,0.12850852727315915,-0.9356324447269447
1,1,0,0,0,0.460846,0.558333,0.182221,-0.10759052817065703,-1.8957470859008805
1,1,0,0,0,0.450108,0.692917,0.101371,-0.1906624180490368,-1.8123703969545801
1,0,1,0,0,0.512625,0.728333,0.236937,-0.23292706377663353,-1.8245562207236548
1,0,1,0,0,0.537896,0.815,0.134954,0.13871033831085489,-0.6508689840180419
0,1,0,0,0,0.472842,0.572917,0.117537,-2.8533350988876305,-1.0440221403571353
0,1,0,0,0,0.456429,0.51,0.166054,-1.8710464361152102,-0.6643375260785982
1,1,0,0,0,0.482942,0.568333,0.0814833,0.02649041689620153,-1.6494651739364241
1,1,0,0,0,0.530304,0.641667,0.0945458,0.010458999551251047,-1.9040847547955106
1,1,0,0,0,0.558721,0.63625,0.0727792,0.07749947208468033,-2.0791758015827413
1,0,1,0,0,0.529688,0.800417,0.124375,-0.039092654060414074,-1.8136531152460618
1,0,1,0,0,0.52275,0.807083,0.132467,-0.48651493814221386,-1.6712713848916103
0,0,1,0,0,0.515133,0.72,0.235692,-2.6157786418670006,-0.9959202044265774
0,0,1,0,0,0.467771,0.694583,0.398008,-0.21835304800849673,0.12517558232829223
1,0,0,1,0,0.4394,0.88,0.3582,1.2332189224979286,2.3320924028222887
1,0,1,0,0,0.309909,0.825455,0.213009,1.109339788468766,1.6977882076846653
1,0,1,0,0,0.3611,0.666667,0.166667,0.6254824649666241,-0.9561559373906494
1,0,1,0,0,0.369942,0.581667,0.157346,0.5569845908563811,-1.1953828987519575
1,1,0,0,0,0.356042,0.522083,0.266175,0.3354595511807017,-1.0087473873413928
0,0,1,0,0,0.323846,0.49125,0.270529,-0.2635324968897208,-0.29042514411172804
0,1,0,0,0,0.329538,0.532917,0.179108,-0.5142055681016737,-0.16022923752635135
1,1,0,0,0,0.308075,0.494167,0.236325,0.6852359296159849,-0.7855544046236042
1,1,0,0,0,0.281567,0.567083,0.173513,0.5569845908563811,-1.002975155029726
1,0,1,0,0,0.274621,0.5475,0.304108,0.7610208116102962,-0.6752406315561913
1,1,0,0,0,0.341891,0.333478,0.347835,0.7406171895349047,-0.8458421643232367
1,1,0,0,0,0.355413,0.540833,0.214558,0.20283600769065682,-1.0433807812113944
0,1,0,0,0,0.393937,0.645417,0.0578458,-1.8098355698890356,-0.5065631762263683
0,1,0,0,0,0.421713,0.659167,0.1275,-2.1013158852517715,-0.5809608371322978
0,1,0,0,0,0.475383,0.741667,0.173517,-0.362635804113051,-0.9721899160341688
1,0,1,0,0,0.323225,0.662917,0.342046,0.7595634100334826,-0.07108031626838401
1,1,0,0,0,0.281563,0.552083,0.199625,0.6925229375000533,-0.9401219587471301
1,0,1,0,0,0.324492,0.620417,0.152987,0.7697652210711784,-0.9420460361843525
1,1,0,0,0,0.347204,0.524583,0.171025,0.5307513624737348,-0.9991270001552812
0,1,0,0,0,0.326383,0.545417,0.179729,-0.6774345447048059,-0.42318648728006786
0,1,0,0,0,0.337746,0.692917,0.227612,-0.10759052817065703,-0.058253133353568576
1,0,1,0,0,0.375621,0.623333,0.235067,0.5817604176622136,-0.8939441002537946
1,0,1,0,0,0.380667,0.685,0.082725,0.4578812836330508,-0.9260120575408332
1,1,0,0,0,0.364892,0.61375,0.103246,0.33983175591114273,-0.5610787036143339
0,1,0,0,0,0.350371,0.580417,0.0528708,-0.15568478020550847,1.4021216414981694
1,1,0,0,0,0.378779,0.56875,0.148021,-1.1000810019807732,0.8653040365131432
0,1,0,0,0,0.248742,0.404583,0.376871,0.46079608678667816,1.2257478764194571
0,1,0,0,0,0.257583,0.468333,0.1505,0.7857966384161288,0.9884449924953714
1,1,0,0,0,0.339004,0.535417,0.04665,0.7449893942653458,-0.701536356531563
1,0,1,0,0,0.281558,0.786667,0.237562,1.0568733317034733,-0.11533409732449729
1,1,0,0,0,0.289762,0.50625,0.210821,0.9475682134424473,-0.9016404100026838
1,1,0,0,0,0.298422,0.555652,0.115522,0.8819851424858317,-0.9131848746260177
1,1,0,0,0,0.323867,0.649583,0.0584708,0.7085543548450038,-1.0581320415634323
0,0,1,0,0,0.316904,0.806667,0.0597042,-0.14985517389825376,-0.3744431922037692
0,0,1,0,0,0.359208,0.823333,0.124379,-0.06386848086624664,-0.0646667248109763
1,1,0,0,0,0.455796,0.7675,0.0827208,0.42727585051996353,-1.2973590029247402
1,1,0,0,0,0.469054,0.73375,0.174129,0.43310545682721824,-1.5385100417232704
1,1,0,0,0,0.428012,0.485,0.324021,0.7537338037262279,-1.1171370829715832
1,1,0,0,0,0.258204,0.50875,0.174754,0.7406171895349047,-0.884323713067683
1,0,1,0,0,0.321958,0.764167,0.1306,0.7275005753435816,-0.6431726742691527
0,0,1,0,0,0.389508,0.91125,0.101379,-0.4442502924146171,-0.4956600707487751
0,0,1,0,0,0.390146,0.905417,0.157975,0.5934196302767231,0.5574516465575726
1,0,1,0,0,0.435575,0.925,0.190308,0.7566486068798552,-0.7599000387939732
1,0,1,0,0,0.338363,0.596667,0.296037,0.8251464809900982,-1.002333795883985
1,0,1,0,0,0.297338,0.538333,0.162937,0.7843392368393152,-0.867648375278423
1,1,0,0,0,0.294188,0.485833,0.174129,0.6167380555057419,-0.9305015715610185
1,1,0,0,0,0.294192,0.642917,0.131229,0.6109084491984872,-0.9786035074915765
0,1,0,0,0,0.338383,0.650417,0.10635,0.11830671623546338,-0.4000975580334001
0,0,1,0,0,0.369938,0.83875,0.100742,0.4520516773257961,0.2617850803710767
1,0,1,0,0,0.4015,0.907083,0.0982583,0.9271645913670558,-0.4597439585872919
1,1,0,0,0,0.409708,0.66625,0.221404,0.6050788428912325,-0.9414046770386117
1,1,0,0,0,0.342162,0.625417,0.184092,0.7508190005726005,-0.819546439347865
1,0,1,0,0,0.335217,0.667917,0.132463,0.7785096305320605,-0.1012241961182003
1,0,1,0,0,0.301767,0.556667,0.374383,0.9140479771757327,0.1630157719269978
0,1,0,0,0,0.236113,0.44125,0.407346,0.9373664024047516,1.3546610647133523
0,1,0,0,0,0.259471,0.515417,0.133083,0.6415138823115745,1.4604853237605797
1,0,1,0,0,0.2589,0.791304,0.0772304,0.9825458512859756,1.8664656630144885
0,0,1,0,0,0.294465,0.734783,0.168726,0.5948770318535368,1.977420795227642
1,0,0,1,0,0.220333,0.823333,0.316546,1.2230171114602328,2.067852434777091
1,0,1,0,0,0.226642,0.652917,0.350133,0.876155536178577,1.1475020606390829
1,0,1,0,0,0.255046,0.59,0.155471,0.29756711018354604,0.772948319526472
0,0,1,0,0,0.2424,0.752917,0.124383,1.004406874938181,1.5868330754715119
0,1,0,0,0,0.2317,0.483333,0.350754,0.7056395516913765,1.4264932890363187
1,0,1,0,0,0.223487,0.5775,0.154846,0.5963344334303504,0.8762071419907363
